Feature,Importance
FP_1028,0.0658931231656906
MolWt,0.059379366511126755
LogP,0.04963713549011716
TPSA,0.038007823426135706
FP_718,0.03008098411758062
FP_2039,0.026218906983966086
FP_1264,0.02358919327376727
RotBonds,0.01989204128652142
RingCount,0.01853798315393993
FP_734,0.01759301910758897
HBA,0.011530773145113398
FP_1249,0.010905109987116836
FP_1508,0.01032593509266364
FP_575,0.009830168051095245
FP_2009,0.009356098167880795
FP_1985,0.0083565460767622
FP_1086,0.008004047441989657
FP_1712,0.007481522129959122
FP_1855,0.006500173987392378
FP_1867,0.006129414689564583
FP_1357,0.005791180272485296
HBD,0.005723455311761134
FP_713,0.005565496269821928
FP_1088,0.005467419004428859
FP_942,0.005434097327093008
FP_1970,0.005418450444628661
FP_1243,0.005251103175403842
FP_322,0.004746678551642745
FP_493,0.004667351461794828
FP_1422,0.004481514053253893
FP_1097,0.004329793489686118
FP_1998,0.004170338766928921
FP_1143,0.004153364027548943
FP_1758,0.004147723902188308
FP_1265,0.004101446519190081
FP_650,0.00389916073581299
FP_653,0.003825266980340593
FP_1486,0.0037421897073024154
FP_102,0.0036681304319434328
FP_1006,0.0036469125602167376
FP_827,0.0036222837530679786
FP_1325,0.0036219427609314537
FP_283,0.0036162422751833765
FP_1697,0.003496509729477185
FP_1199,0.0034701543336035055
FP_1145,0.0033766566697379223
FP_1743,0.003282399422466921
FP_1964,0.0030722206685018026
FP_807,0.00305903141375516
FP_1988,0.0029911995611296887
FP_207,0.0029553526878153924
FP_446,0.0028882672987131782
FP_1019,0.0028596030227846297
FP_1,0.0028096190681727072
FP_959,0.0027749072359293165
FP_389,0.002697456901201506
FP_685,0.0026949831590115975
FP_310,0.002688973183935978
FP_1518,0.0026143682215532087
FP_1385,0.0025560552540881977
FP_1208,0.0025249674768241994
FP_1452,0.0024253787869471187
FP_1722,0.0024033762681576268
FP_1823,0.0023726658228140395
FP_896,0.0023554498108848223
FP_1057,0.0023523070862346415
FP_875,0.00231825790409239
FP_1754,0.002256273634135977
FP_1825,0.002228035484535118
FP_378,0.002199786618987118
FP_1771,0.002152284310621852
FP_656,0.002151627944217942
FP_1573,0.00215079793198776
FP_151,0.0020827851690546142
FP_1910,0.0020360307725694926
FP_1308,0.0020118180553681648
FP_314,0.0019597475295829443
FP_1501,0.0019430780026882149
FP_392,0.001936689168201476
FP_420,0.0019238286949651536
FP_1589,0.0019091058268108667
FP_689,0.0018563881029624422
FP_893,0.0018512981433428859
FP_1888,0.0018307004127117007
FP_1482,0.0018263785260511614
FP_407,0.0017783726423046206
FP_667,0.0017543084696860993
FP_114,0.001747202188513943
FP_784,0.0016945948866675985
FP_1327,0.0016898261092150157
FP_1765,0.0016666932120044482
FP_1917,0.0016523136481442823
FP_1480,0.0016420342905407055
FP_1683,0.0016315689917270166
FP_1152,0.0016290858265611712
FP_762,0.0016289286779561393
FP_1745,0.0016287968364890127
FP_1160,0.0016280648217239266
FP_1993,0.0016254872011560015
FP_1292,0.0016011589597239226
FP_591,0.0015430183362263234
FP_1939,0.0015089224462162933
FP_74,0.0015054041259740271
FP_674,0.001488857029915231
FP_1045,0.0014692572241438201
FP_593,0.001466556059401657
FP_1114,0.0014157827831136113
FP_1921,0.0014080689636848038
FP_991,0.0013992869856307448
FP_233,0.001392882660531009
FP_1911,0.0013903161048974438
FP_119,0.001389579849833056
FP_1405,0.0013661564541090595
FP_44,0.0013660044033816363
FP_13,0.0013555392544534757
FP_1875,0.001341464522285247
FP_2,0.0013186032142040525
FP_1079,0.0013183757055995732
FP_1147,0.0013024968095216773
FP_1569,0.0012945228602282378
FP_490,0.001293191567270311
FP_1884,0.001291483956955186
FP_338,0.0012824892452959142
FP_573,0.0012810973405824996
FP_1535,0.0012610863151544045
FP_235,0.0012392944349733025
FP_455,0.001232609697473285
FP_1951,0.0012287452024077534
FP_1301,0.0012277396805022366
FP_504,0.0012217660481477122
FP_1665,0.0012182208315315273
FP_1063,0.0012021425665411209
FP_738,0.0011963535441863458
FP_1261,0.0011942729807851724
FP_695,0.0011906500525768547
FP_1791,0.0011847684763346886
FP_1039,0.001181544929399924
FP_1928,0.0011555056055850027
FP_1391,0.0011552860090544375
FP_80,0.0011542260562806667
FP_739,0.0011511533639402048
FP_1236,0.0011510713627863184
FP_1689,0.001150718838110306
FP_1101,0.001136162999581531
FP_1750,0.0011318829774539354
FP_1995,0.0011141102061960155
FP_440,0.001105453808943631
FP_840,0.0011023543729055641
FP_1457,0.0011015986885527696
FP_890,0.0010995828974131728
FP_1417,0.001068195966551065
FP_1954,0.0010530487043380345
FP_460,0.0010424501164697402
FP_1430,0.0010408864796271377
FP_1476,0.001029903155163856
FP_294,0.001027727944734877
FP_1946,0.0010205948019601234
FP_687,0.0010175094965442664
FP_1250,0.001006929419139972
FP_1587,0.0010061380339146753
FP_725,0.0009937449345743252
FP_1738,0.0009891809548446266
FP_1060,0.0009819584932493045
FP_8,0.0009676221313411021
FP_61,0.0009658950816492912
FP_881,0.0009657784062567114
FP_199,0.0009593610681535969
FP_412,0.0009531157314722959
FP_1309,0.0009522341810058514
FP_1089,0.0009496689157081656
FP_1866,0.0009481841408594331
FP_1338,0.0009392215935617596
FP_675,0.0009309740839440182
FP_1171,0.000919527020875382
FP_1604,0.0009146630358702516
FP_480,0.0009131114674746761
FP_809,0.0009082188306677626
FP_841,0.000908025486545687
FP_1179,0.0008979220960749442
FP_950,0.0008974678921974729
FP_527,0.0008946158684634124
FP_343,0.0008771396282551717
FP_1184,0.0008755886975922907
FP_1849,0.0008682545041250212
FP_2042,0.0008674422187847701
FP_935,0.0008623071712745713
FP_1644,0.000858333032675133
FP_1564,0.0008533867180758862
FP_197,0.0008503220521623214
FP_1294,0.0008477835474560404
FP_774,0.0008354329803987957
FP_1971,0.000832381824607201
FP_464,0.0008305239246818619
FP_1279,0.000828327728245861
FP_1603,0.0008279852619255922
FP_1034,0.0008265993823453354
FP_1504,0.0008154668366177161
FP_561,0.0008093012926618635
FP_218,0.0008080492265677671
FP_926,0.0007919577485838153
FP_1920,0.0007872731610012896
FP_1980,0.0007842518305166118
FP_1444,0.0007760709515203531
FP_831,0.000771364266545022
FP_1123,0.0007645048380958969
FP_305,0.000760112077285628
FP_978,0.0007580415231868145
FP_1416,0.0007544084910606026
FP_847,0.0007527947857490424
FP_1295,0.0007470441405834059
FP_203,0.0007431304951249076
FP_101,0.0007395618490108199
FP_523,0.0007377682053232683
FP_1760,0.000736523901483873
FP_1066,0.0007358076084703267
FP_1163,0.0007321661848230965
FP_2013,0.0007284026382557141
FP_1017,0.0007265986951774036
FP_802,0.0007235450235453311
FP_1487,0.0007216999158146856
FP_1410,0.00071919586114337
FP_1950,0.0007161371728754021
FP_143,0.0007148731360811531
FP_1168,0.0007147180125775379
FP_1972,0.0007135403699634121
FP_1854,0.0007130327952057706
FP_832,0.0007129150960916637
FP_913,0.0007125468016888065
FP_1812,0.0007111298073486801
FP_1768,0.0007083687107601963
FP_486,0.0006989486907305066
FP_796,0.0006863753655044998
FP_1266,0.0006855008349984609
FP_1384,0.0006815738250830919
FP_4,0.0006804926527779071
FP_118,0.0006786112328268612
FP_1552,0.0006775961800644428
FP_1524,0.0006722841472229186
FP_1741,0.0006661203061762474
FP_383,0.0006647811332215427
FP_1170,0.0006642061646698435
FP_29,0.0006578966962965764
FP_1978,0.0006564618136424263
FP_14,0.0006551316779772155
FP_275,0.0006487311363718231
FP_1516,0.0006470628988990633
FP_1736,0.0006457136718553437
FP_909,0.0006392260865474493
FP_1387,0.0006342769935834051
FP_931,0.0006340610684047471
FP_1647,0.0006326582502577507
FP_280,0.0006294511176720121
FP_1437,0.0006278157163094501
FP_652,0.0006228114549044392
FP_1004,0.0006209501623027967
FP_92,0.0006203203748801856
FP_335,0.000616278695549905
FP_458,0.0006137562763777379
FP_1181,0.0006006701867801204
FP_1511,0.0006005195483924662
FP_745,0.0005997890725553818
FP_191,0.0005989698659544259
FP_484,0.0005973730417999521
FP_654,0.000595715058326841
FP_524,0.0005909129362468282
FP_1203,0.0005869013777435598
FP_974,0.0005860013648882168
FP_1070,0.0005858597257416544
FP_353,0.0005826810801705649
FP_1182,0.0005804202834562092
FP_592,0.000579160498268901
FP_558,0.0005786480597026175
FP_980,0.0005772602008601976
FP_1883,0.0005765339750585869
FP_94,0.0005762109809948331
FP_1840,0.0005743293438809437
FP_216,0.0005742231779012669
FP_20,0.000562927131452509
FP_1162,0.000558179602380011
FP_34,0.0005515730988638588
FP_1536,0.0005511871056305385
FP_835,0.0005505992634064412
FP_564,0.0005491800272378539
FP_352,0.0005442805036060971
FP_1471,0.0005437485561481641
FP_785,0.0005430674978204562
FP_736,0.000538731149786917
FP_242,0.0005364336976470261
FP_1832,0.0005285662723186996
FP_491,0.0005270351960511705
FP_1625,0.0005233885118100594
FP_898,0.000522516056631014
FP_625,0.0005224703474700355
FP_507,0.0005191361978298568
FP_1607,0.0005156558755839435
FP_1049,0.0005141176519755407
FP_1104,0.0005138891878615148
FP_1094,0.000513062296049869
FP_816,0.00050692109855471
FP_147,0.0005029689508455845
FP_1136,0.0005020994482607832
FP_1221,0.0005001641851838911
FP_1370,0.0004985156536098825
FP_715,0.0004976120267259093
FP_1280,0.0004951923677157275
FP_790,0.0004941193268933234
FP_694,0.0004938131436184944
FP_409,0.000491707554360287
FP_2038,0.0004881262076693276
FP_413,0.000486636251669306
FP_1290,0.00048368166500160225
FP_311,0.0004826904497688354
FP_448,0.00047748521794148613
FP_786,0.0004769179748779506
FP_833,0.000473766615722927
FP_104,0.0004736079629493803
FP_781,0.0004730551466486683
FP_497,0.00046787905343305484
FP_1349,0.00046649227422212807
FP_794,0.0004656447834855881
FP_90,0.0004649987526760664
FP_1836,0.0004638896227509726
FP_255,0.00046258623064063346
FP_369,0.00046195572076176056
FP_562,0.00045511158846404926
FP_623,0.0004515149806322083
FP_1991,0.00044945879171784414
FP_1966,0.0004479943403952341
FP_1663,0.00044719866463934806
FP_549,0.0004467219112372988
FP_1138,0.0004434701213532674
FP_873,0.00044112372347688287
FP_635,0.00044100613007106
FP_231,0.0004398948460184676
FP_1344,0.0004352456690446513
FP_1783,0.0004346483244565454
FP_800,0.00043152229567969464
FP_1670,0.0004245941650175909
FP_728,0.0004216503659122846
FP_865,0.0004181556406791075
FP_699,0.00041729442321196565
FP_917,0.00041715601959744505
FP_1708,0.00041498668789166084
FP_340,0.0004147186978983414
FP_1693,0.0004107655886270327
FP_1367,0.00040797368283083
FP_937,0.0004079347078545608
FP_1734,0.0004052961958769319
FP_1226,0.0004047744269217337
FP_142,0.00040382403917053964
FP_2000,0.00040288950340144284
FP_106,0.00040235286665271826
FP_1441,0.00040108202897871416
FP_888,0.00040066161155513126
FP_724,0.00040054847078904054
FP_1792,0.00039991051692852837
FP_1618,0.0003998055523704615
FP_771,0.0003992599805062351
FP_638,0.0003972425171177648
FP_1155,0.000397092574418715
FP_1164,0.0003944545027416344
FP_1008,0.0003916909170178263
FP_1083,0.0003900165756156773
FP_1798,0.00038763160275833016
FP_82,0.00038542383971309146
FP_204,0.00038411883653293
FP_1820,0.0003815799202736983
FP_985,0.00038153118094413647
FP_1538,0.0003812452680749827
FP_1956,0.00038113853634155813
FP_1570,0.0003804721536116322
FP_533,0.00037940546517772027
FP_814,0.00037896582058319155
FP_585,0.0003772056980471158
FP_249,0.0003768078301644835
FP_401,0.00037559423677523753
FP_162,0.00037507665952126644
FP_1172,0.00037101076506074426
FP_806,0.0003647834635949335
FP_787,0.0003625172005550734
FP_954,0.000359089887515803
FP_1024,0.0003584893900623947
FP_1934,0.00035461531006345334
FP_259,0.0003529422536044674
FP_1077,0.0003527557521353564
FP_1096,0.0003514325531555444
FP_405,0.0003514319938361602
FP_1142,0.0003513594243704443
FP_470,0.00035001062467460674
FP_1027,0.0003447913998944305
FP_902,0.00034334942065519124
FP_251,0.00034316715534440554
FP_1627,0.0003425515583779722
FP_1960,0.0003423956139961693
FP_1879,0.000341942222648052
FP_208,0.0003417756547414039
FP_222,0.00034114180041030313
FP_1087,0.0003401937845769494
FP_1733,0.00033905324388792057
FP_1724,0.0003382111649951847
FP_289,0.0003368585771387406
FP_1009,0.0003337130931963676
FP_766,0.00033258178380934716
FP_140,0.00033232041335641273
FP_362,0.00032828770480623797
FP_488,0.00032459649961127886
FP_1631,0.00032443720083730096
FP_239,0.0003205289889900457
FP_811,0.0003186299621657844
FP_1300,0.0003168172709445
FP_348,0.00031644678132012764
FP_530,0.0003158605334368533
FP_2018,0.0003140749166303838
FP_1453,0.00031395797543902715
FP_358,0.0003133207554751581
FP_1586,0.0003130814014627085
FP_1382,0.00031262747673657144
FP_157,0.000309478275340523
FP_443,0.0003075344099945993
FP_221,0.0003055078264190568
FP_366,0.0002999603893723445
FP_1238,0.00029946560924504846
FP_1468,0.00029885814918093913
FP_1141,0.00029837519409277476
FP_471,0.0002956889070785763
FP_804,0.00029428773247081155
FP_1526,0.0002938157236203323
FP_436,0.0002924025550651652
FP_350,0.00029209985894131676
FP_430,0.0002909024844847734
FP_237,0.00029059142000600506
FP_571,0.0002903660006638511
FP_843,0.00028933028584167576
FP_680,0.0002887552999170164
FP_1556,0.00028798462323226536
FP_932,0.00028722520500927356
FP_2022,0.0002871644440988021
FP_552,0.00028590265432439565
FP_1185,0.0002851746593609055
FP_1925,0.0002844619859102256
FP_1065,0.00028254041586208046
FP_548,0.000281751655571966
FP_473,0.0002810120141425496
FP_277,0.0002799241323944296
FP_1581,0.000279737111713469
FP_1544,0.00027853383156977487
FP_1496,0.0002776059755548818
FP_1390,0.0002763994049978573
FP_1153,0.000274947413809533
FP_708,0.0002748478688429552
FP_961,0.0002734842770088711
FP_1601,0.00027340653738635153
FP_922,0.0002725790106477815
FP_1992,0.0002719810919759548
FP_41,0.00027143108709933006
FP_193,0.0002700965747230681
FP_1602,0.0002700024093136995
FP_1766,0.00026885549152449496
FP_1126,0.00026853573433581544
FP_632,0.0002680192634674169
FP_1071,0.00026801509606717264
FP_1808,0.0002663915282195482
FP_323,0.0002655707778572453
FP_798,0.0002635104001180392
FP_2020,0.0002633452382549877
FP_996,0.00026333267016387184
FP_1803,0.00026231984421309267
FP_2028,0.0002612664841630608
FP_2041,0.0002612632941857432
FP_1463,0.0002608666578325676
FP_1500,0.00026052138378852054
FP_384,0.00026050770595849
FP_62,0.00026001164146484954
FP_879,0.00025966434946998144
FP_1617,0.0002594015954071116
FP_441,0.00025924555857149593
FP_1781,0.00025821097827144143
FP_60,0.00025767007096603713
FP_997,0.00025762222710029006
FP_586,0.0002554974636666411
FP_684,0.00025496288884280157
FP_719,0.0002546314607263052
FP_361,0.00025092541003155015
FP_1148,0.0002500624491711975
FP_1984,0.00024974036859657094
FP_1761,0.00024961773509502694
FP_1634,0.00024804322409686187
FP_1140,0.0002476523389727079
FP_97,0.00024756172307955726
FP_946,0.00024731399987859846
FP_165,0.00024355045694510977
FP_617,0.00024160592443891478
FP_15,0.00024124576015621183
FP_2044,0.00024055341540206337
FP_1649,0.00024046840408473825
FP_1876,0.00024032875189242576
FP_248,0.0002397936593152219
FP_117,0.00023936471374921508
FP_1030,0.00023895558286909216
FP_691,0.00023697692831646947
FP_175,0.00023593788299329293
FP_1227,0.00023592198738925873
FP_1005,0.0002356442936323809
FP_1742,0.0002355499384072711
FP_327,0.00023356392406900128
FP_1517,0.00023278035053215325
FP_693,0.00023074228833530497
FP_1439,0.00023045496747163953
FP_1479,0.0002303785931699707
FP_885,0.00022900066154573934
FP_1746,0.00022868029486134567
FP_993,0.0002284107235807667
FP_1175,0.0002280563790958547
FP_1703,0.00022664825465694806
FP_1396,0.00022480967963936838
FP_1374,0.00022472098846534148
FP_1285,0.00022422499958152782
FP_1839,0.00022378088095342244
FP_526,0.00022325640642796463
FP_316,0.00022283902580222295
FP_107,0.00022192963059855525
FP_945,0.00022144009528048223
FP_1847,0.0002213296485756168
FP_747,0.00022047612602681634
FP_1873,0.00022042977625633695
FP_981,0.0002201871727113341
FP_1255,0.00021991125893548388
FP_1582,0.00021880457140901926
FP_618,0.00021806278455706153
FP_987,0.00021804987923790834
FP_1274,0.00021746360193448217
FP_590,0.0002170974127013591
FP_716,0.00021699919672741607
FP_1542,0.0002160202614491663
FP_1447,0.00021584399107292882
FP_1819,0.00021583332467667437
FP_740,0.00021469905207453904
FP_45,0.0002136971831732756
FP_1810,0.00021364268516947769
FP_1527,0.00021325947841955892
FP_295,0.00021302763297947978
FP_887,0.00021213371494446757
FP_782,0.00021189935958877424
FP_1548,0.00021035281737856812
FP_1507,0.0002103041776260583
FP_1183,0.0002100956786574016
FP_387,0.00020984636749883897
FP_584,0.00020932263674724126
FP_516,0.0002084757004422491
FP_536,0.00020823439449338066
FP_878,0.00020817059339022152
FP_598,0.0002069091174752415
FP_1590,0.0002066512029365045
FP_2021,0.0002060230999891913
FP_246,0.00020594178434481204
FP_1365,0.0002058735358109948
FP_744,0.0002032321697470395
FP_31,0.00020320990409751486
FP_973,0.0002030958828262401
FP_1912,0.00020121746667577377
FP_1260,0.0002011998722394375
FP_319,0.000200197896815252
FP_461,0.0002001969780076783
FP_600,0.00019910756509001603
FP_433,0.00019838288818494675
FP_1339,0.0001976044238238137
FP_915,0.0001968330450138504
FP_1692,0.0001965862007831273
FP_760,0.00019506859840328215
FP_730,0.00019498236341793955
FP_1383,0.0001948091705060186
FP_1090,0.00019446146133172748
FP_2033,0.0001940474194483674
FP_1025,0.00019378336145041894
FP_342,0.000193530271432592
FP_751,0.00019173136768870744
FP_39,0.00019161664789148883
FP_556,0.00019045722148284516
FP_145,0.00019029512226123043
FP_1125,0.0001900529112161374
FP_1366,0.0001890602974973773
FP_529,0.00018882061405656864
FP_1887,0.00018858528824036873
FP_1413,0.0001885645475478572
FP_476,0.0001869000068652169
FP_91,0.00018623104290291999
FP_1990,0.00018613177261031725
FP_380,0.00018595717211994584
FP_538,0.0001850178502258365
FP_317,0.00018469996450646366
FP_1624,0.0001836592880914106
FP_1044,0.000183540757531111
FP_1105,0.00018339186347385015
FP_1594,0.00018335573782169283
FP_58,0.0001830707190283696
FP_1224,0.00018269541991056405
FP_1641,0.00018199950518000193
FP_95,0.00018123147201596997
FP_425,0.00017996348589298988
FP_855,0.00017907581985926148
FP_1599,0.00017875506802531054
FP_1061,0.00017777309418010392
FP_819,0.00017760330932938565
FP_712,0.00017747040367371524
FP_1129,0.00017676050640030722
FP_984,0.00017667469206965005
FP_1567,0.00017660454120734407
FP_772,0.00017571335641524888
FP_1247,0.00017568421331603796
FP_655,0.0001744069794474346
FP_1816,0.00017383063367209134
FP_1326,0.00017094262341403965
FP_1451,0.0001708929918989593
FP_1694,0.0001705018998394171
FP_116,0.00017048709016847879
FP_355,0.00016991858814376147
FP_620,0.00016936434000857444
FP_379,0.00016905606794584077
FP_11,0.0001686855634552795
FP_1242,0.00016703596958300956
FP_374,0.000166878942900997
FP_976,0.00016597942625511738
FP_1817,0.0001656947253082697
FP_701,0.0001655419615660731
FP_1860,0.00016444337652890504
FP_679,0.00016299062086382152
FP_171,0.0001628322510582508
FP_1389,0.0001620918964669607
FP_883,0.00016146566174382853
FP_1583,0.00016108645014761526
FP_1597,0.00015982425576645403
FP_1943,0.00015889719642054535
FP_1718,0.0001576809394187905
FP_1764,0.0001572381939835668
FP_1730,0.00015591117798067626
FP_1001,0.00015579463548708004
FP_77,0.00015559328065054294
FP_33,0.00015524664753773976
FP_1328,0.00015513958903613228
FP_803,0.00015440473006832128
FP_2030,0.00015400525898484626
FP_1837,0.00015399920536398768
FP_1446,0.00015384909560939538
FP_27,0.00015309005420813325
FP_595,0.00015281480002320012
FP_1550,0.00015224865690005194
FP_99,0.00015172644111898168
FP_1713,0.0001509579730506933
FP_187,0.000150867459443701
FP_1851,0.00015064261685496867
FP_670,0.00015045329417298186
FP_559,0.00015031486501721682
FP_1811,0.00015024833886235405
FP_838,0.00014997604149839802
FP_1969,0.00014882798421492826
FP_331,0.00014870620432355314
FP_1584,0.00014826516037182844
FP_664,0.00014826458252954205
FP_587,0.00014820616630447592
FP_1082,0.00014786186342635567
FP_2043,0.00014748708750327846
FP_925,0.00014715082407125684
FP_828,0.00014672695479664988
FP_1293,0.0001451479685318105
FP_1043,0.00014513218625164108
FP_1050,0.00014406278515079386
FP_1859,0.00014368850235575942
FP_1778,0.0001436283245633237
FP_472,0.00014353785361119657
FP_1905,0.00014346472728840704
FP_908,0.0001432407980803266
FP_394,0.00014308899749209414
FP_53,0.0001427708761389713
FP_1757,0.00014222073863966091
FP_1882,0.0001418384310768771
FP_1239,0.00014091408150485399
FP_1777,0.00013999513531944726
FP_532,0.00013887310421480594
FP_182,0.00013834713206996942
FP_1656,0.00013814289976073495
FP_135,0.00013745277286964487
FP_36,0.0001372610604418735
FP_79,0.0001371995222633116
FP_1232,0.00013696575142746668
FP_869,0.00013682798352128206
FP_1886,0.00013671728485586805
FP_753,0.0001364391601048493
FP_230,0.0001360499350244443
FP_494,0.00013545291566444974
FP_1981,0.00013493794918554897
FP_964,0.0001347591346623739
FP_354,0.00013368818725905556
FP_1779,0.00013360640396845104
FP_406,0.00013351030397472374
FP_489,0.00013348554414795068
FP_895,0.00013341755497256672
FP_1668,0.000133266113543832
FP_1102,0.0001332358265823556
FP_1409,0.00013282552685165203
FP_1503,0.0001319426427272183
FP_1506,0.00013149830713601703
FP_1948,0.00013140311572871737
FP_676,0.00013107984669200455
FP_968,0.00013103231728772046
FP_1287,0.00013102936296697652
FP_363,0.00013092533679255405
FP_857,0.00013040606630274775
FP_599,0.00013038538958622242
FP_820,0.0001291634664939721
FP_304,0.0001291595762036281
FP_1853,0.00012901808622854658
FP_1696,0.00012894452744884678
FP_1244,0.00012852356115473074
FP_1035,0.00012800996786862002
FP_1653,0.0001275075842896635
FP_1343,0.0001273227419848283
FP_404,0.00012713939929396263
FP_1747,0.0001271250410603539
FP_606,0.00012703843953909197
FP_276,0.0001266723606704355
FP_1038,0.0001265975562357822
FP_830,0.00012642850911019545
FP_1272,0.00012623935637802095
FP_288,0.00012529191543469395
FP_320,0.0001249043743602652
FP_127,0.00012433536349927332
FP_1532,0.00012424114812875016
FP_1652,0.0001240845131115636
FP_449,0.0001240785095650541
FP_219,0.00012395466565899595
FP_901,0.00012321192686949822
FP_32,0.0001230126732507225
FP_960,0.00012244342613924175
FP_1630,0.00012197565660220738
FP_454,0.00012192947200211341
FP_334,0.0001218822020522952
FP_1157,0.00012165012828430893
FP_1312,0.00012136919812997207
FP_643,0.00012124827911566084
FP_184,0.00012102285486759882
FP_1626,0.00012093936794449838
FP_456,0.00012084870483231638
FP_312,0.00012081336145970053
FP_103,0.00011993932348536843
FP_1949,0.00011911007411817697
FP_566,0.00011873323074850066
FP_108,0.00011850144086441942
FP_517,0.00011811480502683827
FP_1737,0.00011804681503510783
FP_63,0.0001177915236738162
FP_278,0.00011762897882841942
FP_1588,0.00011744858574742604
FP_227,0.00011714151559491446
FP_834,0.00011692250150551225
FP_194,0.0001168395663901727
FP_1598,0.0001165067523536206
FP_1554,0.00011627972968017315
FP_1711,0.00011591912601798382
FP_1767,0.00011579960857859052
FP_434,0.00011579812623113904
FP_112,0.00011576400820871501
FP_916,0.00011561545096081333
FP_281,0.00011554381368996007
FP_1461,0.00011552848417625989
FP_1961,0.0001154028729730437
FP_1727,0.00011530721362761164
FP_903,0.00011527555222573813
FP_1796,0.00011515786394827073
FP_848,0.00011428962345146242
FP_270,0.00011417235059852556
FP_944,0.00011407728559082758
FP_2036,0.00011370471401351556
FP_1375,0.00011368408594105105
FP_1015,0.00011352376619873571
FP_121,0.00011295369148559296
FP_1267,0.00011294793896789741
FP_1924,0.00011253860472051849
FP_588,0.00011249947936182151
FP_371,0.00011247887846561132
FP_938,0.00011247369524211116
FP_1660,0.0001120326314266218
FP_554,0.00011202605256293157
FP_158,0.00011167078203644978
FP_1333,0.00011062447123595255
FP_1893,0.0001102077705246837
FP_692,0.00010934317460144616
FP_325,0.00010926648636198695
FP_298,0.00010896160278528385
FP_1456,0.00010891978483528027
FP_1714,0.000108751965911476
FP_1862,0.00010849358128793163
FP_1795,0.00010848766229508628
FP_1563,0.00010756080020560101
FP_1109,0.00010684403128398632
FP_640,0.00010671811148940365
FP_468,0.00010585404874470614
FP_1654,0.00010564432693815598
FP_619,0.00010554798831280098
FP_1228,0.00010554411067355454
FP_252,0.00010549218336045556
FP_245,0.00010544113899232094
FP_576,0.00010539732314677372
FP_1284,0.00010529180837038447
FP_947,0.00010511576941058722
FP_2014,0.00010461498109890376
FP_721,0.00010461235161417626
FP_1494,0.00010438170059635541
FP_1377,0.00010366489044644
FP_911,0.00010335818341715222
FP_1613,0.0001033286285230298
FP_1989,0.00010316951229414238
FP_845,0.00010298089143707484
FP_1493,0.00010293536256405392
FP_678,0.00010280700622811262
FP_377,0.00010271225125255704
FP_1289,0.00010264070299320132
FP_1675,0.0001023799097037806
FP_272,0.00010218547789863225
FP_1691,0.00010197529588877438
FP_759,0.00010195339349021294
FP_567,0.00010160254286554575
FP_1907,0.00010158362453452039
FP_269,0.00010156678650345652
FP_1356,0.00010102282754934864
FP_1578,0.00010097288086681763
FP_65,0.00010096796108986574
FP_1809,0.00010092340713799204
FP_522,0.00010090548636513833
FP_1462,0.00010079213891879185
FP_1256,0.00010073794196002541
FP_1975,0.00010063954065459422
FP_1522,0.00010048705899908501
FP_442,0.00010046873854509693
FP_953,0.00010023129135150423
FP_1902,9.97581855739356e-05
FP_1177,9.939746605814043e-05
FP_214,9.92868478707624e-05
FP_223,9.914093828566241e-05
FP_1780,9.878778890374276e-05
FP_1225,9.875926093257868e-05
FP_1568,9.868278435340203e-05
FP_1240,9.786680170015689e-05
FP_874,9.77290324019597e-05
FP_1419,9.753005515330828e-05
FP_1053,9.711607574097421e-05
FP_854,9.700218810178976e-05
FP_1755,9.698961514146223e-05
FP_735,9.603126970369741e-05
FP_2026,9.593235180776004e-05
FP_1915,9.579246999387405e-05
FP_485,9.565896534758407e-05
FP_1473,9.560623237496952e-05
FP_544,9.553440582853085e-05
FP_1341,9.506332866655578e-05
FP_892,9.498015674873079e-05
FP_1706,9.491304734465992e-05
FP_1324,9.431847498952331e-05
FP_70,9.424602667838943e-05
FP_1958,9.401060627233944e-05
FP_1466,9.39215665243694e-05
FP_381,9.36814109930247e-05
FP_1898,9.365726665670347e-05
FP_1415,9.34635367509856e-05
FP_1775,9.328987037723865e-05
FP_172,9.315513144792557e-05
FP_1348,9.269044974963857e-05
FP_649,9.218428193912076e-05
FP_1404,9.125879008320624e-05
FP_1134,9.125520145559853e-05
FP_970,8.997933355488209e-05
FP_872,8.946876497326436e-05
FP_1454,8.92123836041703e-05
FP_611,8.921008838796427e-05
FP_1999,8.897433167626128e-05
FP_1252,8.867899416672047e-05
FP_597,8.839520075237407e-05
FP_213,8.80160191797404e-05
FP_155,8.79396455736177e-05
FP_1048,8.789327115325956e-05
FP_1852,8.753543802644542e-05
FP_1881,8.736594227018442e-05
FP_1940,8.709034380305117e-05
FP_502,8.683761603940823e-05
FP_659,8.671027527139516e-05
FP_475,8.658534769343814e-05
FP_1701,8.60158062229753e-05
FP_1459,8.595477259299577e-05
FP_2012,8.570774060192318e-05
FP_557,8.559093769040078e-05
FP_626,8.542565647365471e-05
FP_428,8.528659042969862e-05
FP_1286,8.505309957281383e-05
FP_797,8.502146662503557e-05
FP_1352,8.497432846872894e-05
FP_844,8.491992720565926e-05
FP_957,8.487672046527594e-05
FP_1200,8.468050585739485e-05
FP_749,8.463220809575607e-05
FP_858,8.442644074078541e-05
FP_1455,8.414495554704454e-05
FP_1322,8.4133799051849e-05
FP_2007,8.351733191506528e-05
FP_451,8.339005479615912e-05
FP_1773,8.262604908880974e-05
FP_1214,8.189925716152371e-05
FP_1827,8.177787336157384e-05
FP_1257,8.16685634978113e-05
FP_1575,8.164412185390043e-05
FP_607,8.114471412901521e-05
FP_43,8.084973452797268e-05
FP_720,8.074468589534552e-05
FP_299,8.012194362768718e-05
FP_375,7.97161218106136e-05
FP_1080,7.952532744519429e-05
FP_541,7.875013743877029e-05
FP_1167,7.86440041287358e-05
FP_262,7.85765918328188e-05
FP_1119,7.842238341232644e-05
FP_1458,7.799303062398013e-05
FP_333,7.760097736068264e-05
FP_514,7.758350502247889e-05
FP_357,7.756140548405249e-05
FP_1752,7.751487310931116e-05
FP_703,7.749635170542484e-05
FP_38,7.747298346830193e-05
FP_962,7.745106719936628e-05
FP_1047,7.740178699348525e-05
FP_64,7.737978361910284e-05
FP_341,7.717285527167206e-05
FP_2004,7.715494441496893e-05
FP_1278,7.695709454783994e-05
FP_1031,7.69128764324378e-05
FP_1120,7.673049392829374e-05
FP_1438,7.653051634193628e-05
FP_1669,7.643318720689592e-05
FP_1671,7.639926728919077e-05
FP_1942,7.630023621867584e-05
FP_18,7.62599274722026e-05
FP_1549,7.545822245514104e-05
FP_882,7.542562894238227e-05
FP_1895,7.536959849148806e-05
FP_628,7.529889738806689e-05
FP_1205,7.529416254899071e-05
FP_1963,7.529168052355151e-05
FP_307,7.523399645264178e-05
FP_1192,7.49208917699295e-05
FP_1804,7.480643140929432e-05
FP_1110,7.450885319431018e-05
FP_68,7.428378956287184e-05
FP_1629,7.41442319892378e-05
FP_637,7.374721895531491e-05
FP_368,7.359707722634363e-05
FP_1173,7.356586342170354e-05
FP_880,7.347430636553903e-05
FP_929,7.333777159691652e-05
FP_1937,7.331822859076462e-05
FP_1436,7.312796638330932e-05
FP_167,7.305880027028997e-05
FP_846,7.290169182431643e-05
FP_1271,7.289880490792906e-05
FP_1510,7.25302090833422e-05
FP_1655,7.251630691656894e-05
FP_76,7.22956660136148e-05
FP_543,7.217356622413507e-05
FP_1871,7.209922434384273e-05
FP_1305,7.209559412954624e-05
FP_1254,7.206538008715833e-05
FP_1235,7.177188364393289e-05
FP_729,7.176281597885081e-05
FP_499,7.165210476801718e-05
FP_1484,7.097227788572497e-05
FP_469,7.07302325044906e-05
FP_1054,7.06773582979195e-05
FP_1013,7.058254423759212e-05
FP_1523,7.049346721940682e-05
FP_481,7.028334573456137e-05
FP_1320,7.01201422928529e-05
FP_1299,6.989746236926085e-05
FP_1058,6.983979165404902e-05
FP_84,6.981998192969275e-05
FP_1174,6.981842322750548e-05
FP_130,6.981790324331174e-05
FP_1275,6.973835662254637e-05
FP_452,6.964340124202979e-05
FP_138,6.963974379515797e-05
FP_765,6.96330282698594e-05
FP_582,6.905759780046465e-05
FP_89,6.89913455636773e-05
FP_1445,6.889361502550857e-05
FP_1580,6.864436558424091e-05
FP_1726,6.861413661281767e-05
FP_152,6.859076569401863e-05
FP_1270,6.855497232630417e-05
FP_1230,6.83319765953215e-05
FP_1099,6.804037321552732e-05
FP_697,6.789578496747748e-05
FP_1128,6.7627715161206e-05
FP_139,6.748700365824683e-05
FP_863,6.745189685068568e-05
FP_192,6.7450734032693e-05
FP_265,6.744344252046427e-05
FP_1092,6.730937525364905e-05
FP_212,6.728955021607394e-05
FP_1189,6.727704717917399e-05
FP_1800,6.723384272375495e-05
FP_570,6.716975507441366e-05
FP_1118,6.716561510385221e-05
FP_329,6.688597666051698e-05
FP_411,6.684227748168206e-05
FP_1585,6.678420461457537e-05
FP_1373,6.655506027922053e-05
FP_1749,6.64902660599447e-05
FP_577,6.640052584077746e-05
FP_1688,6.610914833560595e-05
FP_81,6.586638857932067e-05
FP_56,6.573424961977828e-05
FP_677,6.572050179274433e-05
FP_1440,6.557896152389759e-05
FP_777,6.55670510750058e-05
FP_5,6.553587343173796e-05
FP_966,6.543065418790795e-05
FP_1677,6.527257278815678e-05
FP_426,6.508326003299007e-05
FP_1661,6.507507478891765e-05
FP_416,6.498945788557087e-05
FP_282,6.464350639348056e-05
FP_615,6.463864905757686e-05
FP_899,6.419988528772372e-05
FP_1633,6.406802104620978e-05
FP_419,6.399550554637608e-05
FP_602,6.395253931963642e-05
FP_75,6.386007206788671e-05
FP_1574,6.384199648623274e-05
FP_1640,6.312588962284142e-05
FP_437,6.300477309738511e-05
FP_1919,6.29447564327751e-05
FP_975,6.287476552790315e-05
FP_630,6.280495362255746e-05
FP_217,6.278750592056825e-05
FP_927,6.266513702581688e-05
FP_1115,6.250787894951682e-05
FP_2045,6.242586391233905e-05
FP_1715,6.230696766164434e-05
FP_496,6.217193856913281e-05
FP_267,6.21516098727626e-05
FP_1195,6.194987327826547e-05
FP_501,6.174722986490873e-05
FP_1317,6.158934088275607e-05
FP_196,6.149076154342188e-05
FP_1968,6.127111593437898e-05
FP_631,6.0959078622227005e-05
FP_1801,6.079802826033371e-05
FP_1927,6.061606242925525e-05
FP_309,6.000274688050129e-05
FP_131,5.998824718931677e-05
FP_750,5.985769878203778e-05
FP_1904,5.979580685650527e-05
FP_1719,5.976490044622396e-05
FP_1845,5.958630412085577e-05
FP_93,5.957760256812101e-05
FP_126,5.927651958177535e-05
FP_1936,5.904284610405511e-05
FP_463,5.884176434465468e-05
FP_1923,5.863084588015714e-05
FP_2035,5.824406590270226e-05
FP_1318,5.818136521721872e-05
FP_261,5.817377096215431e-05
FP_1296,5.816058630274972e-05
FP_344,5.7911226538787385e-05
FP_1121,5.776890660311656e-05
FP_726,5.716570950499364e-05
FP_579,5.7013194718022635e-05
FP_710,5.669251731719364e-05
FP_168,5.663475830185654e-05
FP_482,5.662215504994497e-05
FP_186,5.659934647013099e-05
FP_1772,5.6471645263252446e-05
FP_1977,5.60239754031637e-05
FP_201,5.585959757124433e-05
FP_503,5.555703240574476e-05
FP_301,5.548528675869243e-05
FP_1137,5.535714648656214e-05
FP_1695,5.5242768937902294e-05
FP_1288,5.508097656317135e-05
FP_506,5.50791001734071e-05
FP_1154,5.4881628949217955e-05
FP_1540,5.475138667705066e-05
FP_989,5.471598546288858e-05
FP_132,5.454411574016487e-05
FP_238,5.4331435392600397e-05
FP_1316,5.427369332536527e-05
FP_1158,5.426884364492122e-05
FP_1681,5.395281419866392e-05
FP_1918,5.3808693813930906e-05
FP_115,5.369302844620353e-05
FP_1831,5.3654762047870354e-05
FP_240,5.358033249426863e-05
FP_1878,5.3508568602448705e-05
FP_940,5.3300980901655184e-05
FP_210,5.32358223628418e-05
FP_296,5.318540398883928e-05
FP_271,5.311728540572868e-05
FP_1897,5.310655647285266e-05
FP_933,5.309664558176981e-05
FP_1283,5.308489008952019e-05
FP_789,5.290871849261734e-05
FP_2017,5.289564150451552e-05
FP_169,5.288589645444938e-05
FP_763,5.28206721911068e-05
FP_2008,5.280854583251202e-05
FP_1282,5.280847065931382e-05
FP_1632,5.24992285845289e-05
FP_241,5.2471990662846976e-05
FP_534,5.2220103339757593e-05
FP_1645,5.2021109489159156e-05
FP_1130,5.196967006779118e-05
FP_1329,5.1850704123564305e-05
FP_1000,5.158627307342283e-05
FP_9,5.157188548128153e-05
FP_818,5.156391218853638e-05
FP_257,5.152703597009464e-05
FP_164,5.136524371256279e-05
FP_1075,5.130257743495959e-05
FP_569,5.124366472452973e-05
FP_1638,5.120529070922521e-05
FP_1723,5.0984386864375324e-05
FP_1959,5.086982191860838e-05
FP_634,5.0811736722136244e-05
FP_25,5.059764176374815e-05
FP_1032,5.0402146518509256e-05
FP_364,5.038352439465731e-05
FP_642,5.03806821191799e-05
FP_1218,5.0247150140617965e-05
FP_1502,5.019147921105022e-05
FP_1639,5.017997329401955e-05
FP_156,5.016744273589115e-05
FP_395,4.980384481963959e-05
FP_160,4.9530931469365664e-05
FP_146,4.94887978193663e-05
FP_1465,4.9485936143219196e-05
FP_1262,4.940828086091274e-05
FP_681,4.925657982134804e-05
FP_54,4.914145851067466e-05
FP_906,4.8996868357819634e-05
FP_1111,4.877189873400692e-05
FP_1769,4.875469824854051e-05
FP_1402,4.841017718723771e-05
FP_627,4.838271437723538e-05
FP_1844,4.8366725258658635e-05
FP_111,4.832520551770663e-05
FP_1412,4.829331568367997e-05
FP_1062,4.805393604053436e-05
FP_662,4.7966049387983864e-05
FP_1212,4.780542348846917e-05
FP_859,4.7259942788808796e-05
FP_767,4.707253201270649e-05
FP_1679,4.6879259193176304e-05
FP_1055,4.6811809236230526e-05
FP_1952,4.660208104469264e-05
FP_936,4.6599565496985677e-05
FP_545,4.652806957166392e-05
FP_512,4.644473464879768e-05
FP_1306,4.6262822706917124e-05
FP_1945,4.6214582993894895e-05
FP_1428,4.620426621876461e-05
FP_1731,4.615613026570627e-05
FP_1658,4.590218904965571e-05
FP_293,4.585499280271009e-05
FP_717,4.576798777654798e-05
FP_1313,4.5728531590501205e-05
FP_226,4.566403649251561e-05
FP_1637,4.543279306303827e-05
FP_328,4.538250773960531e-05
FP_1673,4.527694255196208e-05
FP_149,4.527166445790779e-05
FP_2037,4.5270478589093945e-05
FP_52,4.5202940628103814e-05
FP_1304,4.506983766986429e-05
FP_609,4.4774774659124975e-05
FP_26,4.466403015294703e-05
FP_1098,4.466192184656734e-05
FP_1748,4.465793295357279e-05
FP_1729,4.456064576520986e-05
FP_1037,4.4544865004851356e-05
FP_971,4.448946599652456e-05
FP_268,4.4205571947245405e-05
FP_1362,4.4203343956884896e-05
FP_266,4.41447826125972e-05
FP_211,4.392655893926897e-05
FP_583,4.374623056964789e-05
FP_905,4.368640114332319e-05
FP_894,4.367628283016961e-05
FP_30,4.361376994267057e-05
FP_292,4.3592709167249845e-05
FP_1929,4.358721645182825e-05
FP_621,4.351006646009081e-05
FP_2019,4.31601721641096e-05
FP_1488,4.291629171671358e-05
FP_67,4.2875477400411045e-05
FP_2034,4.282268782969833e-05
FP_511,4.276711453137296e-05
FP_1481,4.253919781577532e-05
FP_1605,4.2488680861161596e-05
FP_666,4.234527914889344e-05
FP_732,4.213412533916502e-05
FP_247,4.184681209176342e-05
FP_1169,4.164365622001584e-05
FP_1046,4.16348867146488e-05
FP_603,4.148905120151576e-05
FP_952,4.141853786209315e-05
FP_432,4.123562247114361e-05
FP_1753,4.1084447748051826e-05
FP_1512,4.083232826923402e-05
FP_1241,4.069966342369424e-05
FP_1359,4.0680624876653334e-05
FP_1858,4.056367382741364e-05
FP_1521,4.051981092947742e-05
FP_1614,4.049135332915948e-05
FP_1997,4.046837675655677e-05
FP_1612,4.044542128834896e-05
FP_1759,4.0273577670871735e-05
FP_1310,4.005910725770419e-05
FP_421,4.0033993470407646e-05
FP_1151,3.9818338771426985e-05
FP_1381,3.979680227363537e-05
FP_1611,3.978834756534637e-05
FP_1298,3.9682923658092174e-05
FP_1442,3.955214249105698e-05
FP_1197,3.941392304653053e-05
FP_1814,3.941170477499003e-05
FP_1233,3.939525967222091e-05
FP_21,3.9349012451118084e-05
FP_836,3.933407062483933e-05
FP_1596,3.924820269241422e-05
FP_967,3.9162989534159354e-05
FP_1932,3.90662806287404e-05
FP_1770,3.8974431653634206e-05
FP_69,3.889344013533314e-05
FP_50,3.888247700322426e-05
FP_660,3.885280979182348e-05
FP_1664,3.880078538725087e-05
FP_661,3.8723398787347744e-05
FP_1314,3.8663474033686476e-05
FP_572,3.8640255793734524e-05
FP_177,3.85484576724962e-05
FP_396,3.8296576710277434e-05
FP_758,3.828378272089096e-05
FP_1953,3.8201005059916945e-05
FP_1850,3.796003439791211e-05
FP_1022,3.7845054651627415e-05
FP_105,3.7730770841467323e-05
FP_842,3.771991835987479e-05
FP_518,3.768053539278987e-05
FP_1127,3.7666923491839384e-05
FP_500,3.7546024105245146e-05
FP_408,3.743798044891228e-05
FP_291,3.728071040379854e-05
FP_2032,3.727467252364423e-05
FP_1497,3.72667005630523e-05
FP_1906,3.722695963468853e-05
FP_1420,3.719809590488186e-05
FP_1824,3.6950495080615545e-05
FP_861,3.674638006707535e-05
FP_1705,3.66971288358298e-05
FP_1220,3.6686636105045584e-05
FP_1901,3.665103736884754e-05
FP_1269,3.663735880119532e-05
FP_1321,3.655907848159813e-05
FP_825,3.643475454064948e-05
FP_1085,3.641603839426756e-05
FP_1561,3.617350279585013e-05
FP_594,3.605179355286857e-05
FP_998,3.5984135126501344e-05
FP_742,3.594462209007892e-05
FP_963,3.5820071713900036e-05
FP_547,3.539368146598971e-05
FP_1530,3.53070772482559e-05
FP_912,3.5249929746663563e-05
FP_1891,3.515739406595452e-05
FP_1717,3.5099675395540775e-05
FP_793,3.505134480657849e-05
FP_209,3.48288557156966e-05
FP_346,3.4642684561474745e-05
FP_1149,3.4537439392248766e-05
FP_812,3.453562310019005e-05
FP_136,3.4364139139628033e-05
FP_886,3.4128711606113766e-05
FP_393,3.402880104303057e-05
FP_752,3.388298001082688e-05
FP_1268,3.387201080010581e-05
FP_1842,3.3803234343462185e-05
FP_1237,3.3370003650705776e-05
FP_837,3.320731923171282e-05
FP_1360,3.32052835153024e-05
FP_686,3.3157698413271844e-05
FP_1666,3.3137687038695634e-05
FP_1539,3.3114390620327623e-05
FP_1124,3.3052236080953175e-05
FP_951,3.296600097828241e-05
FP_1434,3.28983509900416e-05
FP_1073,3.28661450716012e-05
FP_57,3.286490060506281e-05
FP_757,3.2859084891474694e-05
FP_273,3.2782935697063396e-05
FP_1896,3.256188163560171e-05
FP_1562,3.25392843620184e-05
FP_1938,3.218981218148108e-05
FP_1799,3.2166170605126147e-05
FP_1012,3.21008749155706e-05
FP_285,3.207845640927271e-05
FP_1935,3.1938559286447204e-05
FP_306,3.192317883226071e-05
FP_1774,3.187169460638564e-05
FP_1400,3.184589013180493e-05
FP_1699,3.1789339807662284e-05
FP_805,3.1719159334201505e-05
FP_877,3.164223675400376e-05
FP_1166,3.1634935427331415e-05
FP_397,3.1503992093027575e-05
FP_232,3.1461363362371546e-05
FP_1498,3.139243774884175e-05
FP_707,3.137814677922992e-05
FP_849,3.126684516875517e-05
FP_1209,3.117941212761708e-05
FP_308,3.1168200309857775e-05
FP_318,3.115838709233929e-05
FP_722,3.104909410919213e-05
FP_1922,3.0933248947360925e-05
FP_949,3.0729901821238715e-05
FP_42,3.072247231789663e-05
FP_555,3.071667232611853e-05
FP_876,3.068530147529635e-05
FP_1432,3.0641991192573914e-05
FP_2027,3.062881493421131e-05
FP_2046,3.0567445388951246e-05
FP_1315,3.051846531253442e-05
FP_746,3.0489226438585807e-05
FP_1379,3.045855986269425e-05
FP_1423,3.041106385290295e-05
FP_1014,3.0370155391195587e-05
FP_1900,3.032623805717786e-05
FP_866,3.0310730757860673e-05
FP_150,3.0286670326660828e-05
FP_1908,3.0224360866988927e-05
FP_904,3.0169635324173596e-05
FP_1431,3.0162962443235433e-05
FP_1093,3.008266370093538e-05
FP_1477,3.0077124162223126e-05
FP_1018,2.9753275612564717e-05
FP_1621,2.95049528271553e-05
FP_601,2.9502249789493702e-05
FP_1546,2.9427548009956124e-05
FP_1495,2.9405971602264105e-05
FP_72,2.93961940579059e-05
FP_943,2.9394024211380937e-05
FP_761,2.92976383258546e-05
FP_657,2.9290114605028185e-05
FP_1449,2.9260927465232945e-05
FP_1762,2.925633315342154e-05
FP_1786,2.9242447962827e-05
FP_1076,2.9162083089743236e-05
FP_410,2.9154129906492043e-05
FP_1263,2.9093433314461085e-05
FP_1056,2.9037458120030562e-05
FP_198,2.8970298065135598e-05
FP_1064,2.8962418299040427e-05
FP_1178,2.8931828296260507e-05
FP_1392,2.8903349038017263e-05
FP_769,2.881002253100346e-05
FP_604,2.8794150689228886e-05
FP_783,2.8731151780282614e-05
FP_941,2.8650495446026106e-05
FP_1802,2.8642165860379987e-05
FP_313,2.859191977753706e-05
FP_1156,2.855648088905938e-05
FP_1251,2.8544264668003595e-05
FP_1217,2.8451000724187165e-05
FP_24,2.8412695463773554e-05
FP_98,2.8212892143803508e-05
FP_467,2.8107436259244093e-05
FP_1144,2.8106462040827756e-05
FP_1965,2.8073410772891274e-05
FP_629,2.7941115761075153e-05
FP_737,2.792041410767125e-05
FP_141,2.7855548772670457e-05
FP_360,2.7813753585656804e-05
FP_1433,2.7770830909297733e-05
FP_1020,2.7627068417394585e-05
FP_884,2.7589565283500157e-05
FP_2001,2.7560698447144783e-05
FP_1553,2.7553906760940227e-05
FP_1537,2.74193512480436e-05
FP_274,2.73992341128836e-05
FP_910,2.7346012860967542e-05
FP_1735,2.7342157898225358e-05
FP_1707,2.7201954544166477e-05
FP_748,2.701308252391061e-05
FP_1794,2.69853236964028e-05
FP_1222,2.6692882753042933e-05
FP_87,2.66420291906652e-05
FP_1146,2.6483971047284798e-05
FP_1041,2.644964423614518e-05
FP_1380,2.6446866691106768e-05
FP_1116,2.6302154374753073e-05
FP_540,2.6211084049640545e-05
FP_641,2.619156269177072e-05
FP_531,2.6186536940764183e-05
FP_900,2.6159163169183617e-05
FP_862,2.6016217541465903e-05
FP_864,2.5912284496769166e-05
FP_723,2.582342511903979e-05
FP_550,2.5794852678047633e-05
FP_563,2.5791187370227912e-05
FP_244,2.5781391230549933e-05
FP_1161,2.5779594841750792e-05
FP_2002,2.575496549244208e-05
FP_83,2.5744530996639805e-05
FP_1107,2.566427607194913e-05
FP_391,2.5456481191636712e-05
FP_1720,2.545134525704473e-05
FP_897,2.543482307235559e-05
FP_228,2.533600425615799e-05
FP_1513,2.512540694185135e-05
FP_1051,2.49686685404034e-05
FP_1106,2.495871006078279e-05
FP_1464,2.4935795722499638e-05
FP_1903,2.4883734567961988e-05
FP_868,2.485810220504643e-05
FP_1577,2.475103465986835e-05
FP_345,2.4727333530306146e-05
FP_1856,2.44171283476105e-05
FP_1472,2.4355425805893688e-05
FP_385,2.4349726160692385e-05
FP_1834,2.432568013287399e-05
FP_1864,2.4226450062955503e-05
FP_1994,2.4207052725079982e-05
FP_330,2.4131750187027685e-05
FP_2029,2.4085567386198653e-05
FP_1394,2.4056558090103463e-05
FP_822,2.4049125413228962e-05
FP_1721,2.3709853950355117e-05
FP_1690,2.355583736880962e-05
FP_154,2.3449681636489804e-05
FP_1751,2.331139784434945e-05
FP_1529,2.3197729528240533e-05
FP_704,2.3163958830550468e-05
FP_1406,2.314236750816112e-05
FP_1011,2.3127351413168717e-05
FP_2011,2.3033803746225992e-05
FP_254,2.3021511203690234e-05
FP_934,2.3011956366706613e-05
FP_474,2.2967199047681856e-05
FP_1982,2.283653651468962e-05
FP_1955,2.2803074357560916e-05
FP_1892,2.2756852838719754e-05
FP_810,2.269750805185658e-05
FP_1648,2.249493477050117e-05
FP_551,2.2350147308241422e-05
FP_1026,2.230083401437626e-05
FP_1100,2.223134602445888e-05
FP_134,2.221230651176958e-05
FP_622,2.220258773947939e-05
FP_339,2.2119947160513092e-05
FP_1311,2.2113901436882485e-05
FP_163,2.2089433114434137e-05
FP_1926,2.205371651829978e-05
FP_1576,2.2032543856265817e-05
FP_1996,2.195394012067929e-05
FP_110,2.1943161979521538e-05
FP_46,2.1890982724507458e-05
FP_1342,2.1844099084435033e-05
FP_1716,2.1828745210078702e-05
FP_574,2.1672265909283882e-05
FP_1531,2.1573224767047248e-05
FP_743,2.154193322839971e-05
FP_1667,2.1463292640843904e-05
FP_672,2.145835677674194e-05
FP_215,2.142685846553795e-05
FP_610,2.1425012021707952e-05
FP_286,2.1409702833931406e-05
FP_918,2.1332400150251142e-05
FP_799,2.1299124089641022e-05
FP_100,2.127886394945876e-05
FP_498,2.1200246841648044e-05
FP_986,2.1124262067909125e-05
FP_1700,2.1079772366249492e-05
FP_756,2.1001039435551102e-05
FP_1986,2.0954099402695056e-05
FP_1302,2.0925860967391904e-05
FP_853,2.088409284431956e-05
FP_1489,2.083157913434391e-05
FP_1307,2.0810120075987784e-05
FP_1591,2.077899143769583e-05
FP_983,2.0724816134054167e-05
FP_663,2.0711084849235306e-05
FP_755,2.0672931731532224e-05
FP_303,2.064351423691451e-05
FP_525,2.052308617235106e-05
FP_1843,2.0337955991591962e-05
FP_1651,2.0335241369910588e-05
FP_2024,2.0316234746896404e-05
FP_741,2.028724978491927e-05
FP_161,2.020745825002328e-05
FP_1914,2.002780160237263e-05
FP_123,2.001958407316399e-05
FP_1418,1.9978486157580275e-05
FP_347,1.995787431210116e-05
FP_1600,1.982514092250295e-05
FP_3,1.9793327500960496e-05
FP_462,1.9524623910711694e-05
FP_928,1.950717157477811e-05
FP_1686,1.9497209563947416e-05
FP_120,1.9478358025468714e-05
FP_727,1.9451916016020398e-05
FP_372,1.944229900531777e-05
FP_373,1.9403385533992735e-05
FP_153,1.9241553374540036e-05
FP_1033,1.9208572811188652e-05
FP_73,1.9175779697004242e-05
FP_1368,1.910290480266821e-05
FP_59,1.901507711460472e-05
FP_519,1.8940690190747448e-05
FP_1340,1.885443951753579e-05
FP_447,1.881547410417061e-05
FP_1534,1.875506336048949e-05
FP_671,1.8597312832079528e-05
FP_1787,1.855740901665826e-05
FP_1347,1.8413866157892e-05
FP_1395,1.8339889903868733e-05
FP_427,1.8286738281395126e-05
FP_921,1.8048990492142092e-05
FP_829,1.7992676362313172e-05
FP_1838,1.7989608058775786e-05
FP_808,1.77690004366082e-05
FP_754,1.7642779703326973e-05
FP_1259,1.7548080601107144e-05
FP_1291,1.749223394908544e-05
FP_1007,1.7395834907641946e-05
FP_137,1.7388470579744334e-05
FP_505,1.731469996126871e-05
FP_1967,1.730497978480485e-05
FP_613,1.7244730041299232e-05
FP_930,1.722869158451398e-05
FP_450,1.7137336080182688e-05
FP_170,1.712002313033028e-05
FP_1429,1.705778943262117e-05
FP_1319,1.7029593582237818e-05
FP_495,1.6956279393077438e-05
FP_1040,1.6832352548561007e-05
FP_1258,1.6780132731138836e-05
FP_1983,1.676353067731039e-05
FP_1376,1.6717335909774476e-05
FP_1219,1.6658101190818293e-05
FP_1685,1.6625825770410243e-05
FP_1297,1.659287465389981e-05
FP_1213,1.639643972848676e-05
FP_1525,1.637199029381147e-05
FP_1846,1.6340623524922482e-05
FP_1744,1.633592451188796e-05
FP_773,1.6309563688430835e-05
FP_596,1.6279809183161064e-05
FP_1623,1.626478231642424e-05
FP_1187,1.6135522125019134e-05
FP_648,1.608238011176259e-05
FP_791,1.5985144918964192e-05
FP_1165,1.596920217222241e-05
FP_889,1.593393414624628e-05
FP_1861,1.59240720697615e-05
FP_639,1.5813356433438302e-05
FP_542,1.573130235781487e-05
FP_459,1.5685935081524977e-05
FP_1790,1.561510148353735e-05
FP_264,1.5573208087966124e-05
FP_1889,1.554190749475081e-05
FP_1828,1.539291523903314e-05
FP_856,1.5291883056533105e-05
FP_852,1.5267188111379197e-05
FP_1593,1.5222324707397196e-05
FP_764,1.520592176162601e-05
FP_403,1.515156415064919e-05
FP_1188,1.5093287042039681e-05
FP_1427,1.4935491939745752e-05
FP_870,1.4934212099497284e-05
FP_1805,1.4870054863684903e-05
FP_1678,1.4861862965725233e-05
FP_478,1.4844434207295304e-05
FP_1894,1.4547424211702407e-05
FP_714,1.4510953717964378e-05
FP_2006,1.4487069213753442e-05
FP_1036,1.4453993372430268e-05
FP_1245,1.4437315629881144e-05
FP_1334,1.4414867415130566e-05
FP_1841,1.4366608727096371e-05
FP_1763,1.4362527813705827e-05
FP_1335,1.4345290930449098e-05
FP_1246,1.4336060989245753e-05
FP_1822,1.4258289849905561e-05
FP_1150,1.4151018102385422e-05
FP_1253,1.4047698859383708e-05
FP_12,1.4018674334266278e-05
FP_49,1.4005185158560636e-05
FP_253,1.3965140461172411e-05
FP_633,1.3934659344726636e-05
FP_994,1.3907302907661335e-05
FP_206,1.390601698001898e-05
FP_1303,1.386939471303868e-05
FP_418,1.383855636884014e-05
FP_817,1.3742006495723472e-05
FP_977,1.3736636643690315e-05
FP_1470,1.3688102753043919e-05
FP_801,1.3687357976852205e-05
FP_88,1.358716490445661e-05
FP_614,1.3517615166763403e-05
FP_1180,1.3498242031105718e-05
FP_185,1.3435165964855875e-05
FP_645,1.342155944957908e-05
FP_919,1.3417696180710537e-05
FP_1520,1.3409054147114426e-05
FP_189,1.3325159057495228e-05
FP_1443,1.3294444882495782e-05
FP_1336,1.3280763849207186e-05
FP_122,1.326399218735602e-05
FP_1962,1.3181969706518943e-05
FP_698,1.31661966837893e-05
FP_128,1.3162066069845755e-05
FP_1571,1.3144718464107559e-05
FP_423,1.3112819730425661e-05
FP_287,1.3075949153977048e-05
FP_2040,1.2996282187377351e-05
FP_2047,1.2994729105577643e-05
FP_839,1.2853374917031938e-05
FP_48,1.2746940401647653e-05
FP_1277,1.268720388152311e-05
FP_492,1.2598467610861006e-05
FP_180,1.2576933032697025e-05
FP_1191,1.2553331012142167e-05
FP_673,1.2444246538983152e-05
FP_535,1.2392766459201384e-05
FP_1401,1.236967487458119e-05
FP_1403,1.2331362028927469e-05
FP_988,1.230111258545772e-05
FP_1202,1.2297627825052408e-05
FP_399,1.2252984483452166e-05
FP_356,1.207799918574175e-05
FP_1386,1.198501309018225e-05
FP_705,1.1943358619053132e-05
FP_1619,1.1753895965499349e-05
FP_332,1.16800148865722e-05
FP_1909,1.1657508992447742e-05
FP_815,1.1628356146619535e-05
FP_28,1.157052308392072e-05
FP_956,1.1564314297110166e-05
FP_1885,1.1464751095691733e-05
FP_665,1.1450500348171856e-05
FP_71,1.144814552601842e-05
FP_263,1.1207585793116586e-05
FP_646,1.1035373924194837e-05
FP_1806,1.09965631183952e-05
FP_1672,1.0946319804522968e-05
FP_1620,1.09209641704194e-05
FP_388,1.0889758957864464e-05
FP_955,1.0857874531544867e-05
FP_2010,1.0817139030644875e-05
FP_1610,1.0797732970771406e-05
FP_965,1.0785062741397378e-05
FP_775,1.0772074623017114e-05
FP_958,1.0683688894935968e-05
FP_1067,1.0652357522211212e-05
FP_2023,1.0608537923974027e-05
FP_1863,1.0594435907529437e-05
FP_1353,1.0566331494703266e-05
FP_948,1.050211376343426e-05
FP_200,1.0428315223388235e-05
FP_768,1.0204174364225489e-05
FP_1642,1.0158688457553537e-05
FP_1210,1.0079853779884527e-05
FP_133,1.0033767030639076e-05
FP_1916,1.002200940852622e-05
FP_992,9.941865683698271e-06
FP_1615,9.933751761918183e-06
FP_359,9.902749187868799e-06
FP_513,9.875033846640225e-06
FP_1323,9.76559797122218e-06
FP_1198,9.739153790066659e-06
FP_1657,9.722499785364774e-06
FP_1687,9.627378454759443e-06
FP_1332,9.590976959126075e-06
FP_1676,9.416428256246252e-06
FP_1725,9.389396596366368e-06
FP_683,9.371557313682581e-06
FP_1474,9.340343038100855e-06
FP_1870,9.289241958514838e-06
FP_1139,9.182238685718845e-06
FP_1399,9.171899290416307e-06
FP_220,9.161165403677307e-06
FP_624,9.129456625290868e-06
FP_539,9.060405720080782e-06
FP_1248,9.054784104397813e-06
FP_568,9.041009889879379e-06
FP_1112,8.955083791568137e-06
FP_1547,8.94029177059145e-06
FP_1363,8.910589872883233e-06
FP_1662,8.878913889183791e-06
FP_1354,8.855764834393958e-06
FP_431,8.823590713022852e-06
FP_690,8.748899401154962e-06
FP_479,8.748841848495487e-06
FP_2025,8.74141557536506e-06
FP_1560,8.741050574169393e-06
FP_457,8.731502885943801e-06
FP_821,8.701192306048966e-06
FP_1276,8.689853348124452e-06
FP_1941,8.64632995765181e-06
FP_1023,8.573763190964365e-06
FP_1646,8.54413169719746e-06
FP_78,8.534189143567961e-06
FP_731,8.455111908217555e-06
FP_1369,8.417882342329652e-06
FP_826,8.373900264052563e-06
FP_7,8.326663099530747e-06
FP_1206,8.295056259371217e-06
FP_914,8.29405345003582e-06
FP_1469,8.23756506871422e-06
FP_1159,8.177845686743346e-06
FP_205,8.140184052384548e-06
FP_183,8.096216719835694e-06
FP_1682,8.039641653510761e-06
FP_711,7.991893266975493e-06
FP_1728,7.891986471176133e-06
FP_202,7.82302033147575e-06
FP_1132,7.761175104390915e-06
FP_1095,7.733143838228865e-06
FP_1592,7.709115610482916e-06
FP_302,7.696503747720955e-06
FP_1565,7.603930393239204e-06
FP_850,7.5487452222431876e-06
FP_788,7.530878216608308e-06
FP_260,7.500235333591358e-06
FP_1215,7.48707772245488e-06
FP_636,7.451445611419375e-06
FP_560,7.4227541778054525e-06
FP_990,7.377727929670088e-06
FP_515,7.368052739299378e-06
FP_113,7.3550101565312e-06
FP_702,7.279683304985802e-06
FP_351,7.192580929266296e-06
FP_1407,7.146368839166895e-06
FP_386,7.103483993302712e-06
FP_1551,6.9934526078926005e-06
FP_608,6.9661664291823065e-06
FP_234,6.937842388080575e-06
FP_190,6.936874972754874e-06
FP_1947,6.896089216821139e-06
FP_435,6.887163454961201e-06
FP_125,6.8799799685184345e-06
FP_349,6.852685185440105e-06
FP_2031,6.8266592736456316e-06
FP_1740,6.719874236478593e-06
FP_40,6.706440703274096e-06
FP_780,6.685358123487044e-06
FP_1785,6.6600482225449e-06
FP_96,6.653058595154094e-06
FP_224,6.604954630254823e-06
FP_776,6.597896594436481e-06
FP_1490,6.493813104853512e-06
FP_173,6.478734992430634e-06
FP_1350,6.467412393483496e-06
FP_1483,6.427147713224875e-06
FP_1826,6.423301816638294e-06
FP_824,6.393223257654687e-06
FP_1559,6.363677282211308e-06
FP_1122,6.347174454479e-06
FP_250,6.337553988066773e-06
FP_1346,6.234450590033808e-06
FP_1231,6.22823215309048e-06
FP_85,6.175709418589557e-06
FP_487,6.174676185633027e-06
FP_16,6.17007220503794e-06
FP_1865,6.154769007649051e-06
FP_1848,6.0527888123396225e-06
FP_438,6.035194990440595e-06
FP_1756,6.0250269829068154e-06
FP_1467,5.989981414675005e-06
FP_1543,5.9727409783297565e-06
FP_466,5.914186898616269e-06
FP_813,5.866092237943101e-06
FP_1460,5.857262542962364e-06
FP_109,5.820017475211038e-06
FP_1519,5.663415519998018e-06
FP_706,5.663041974988933e-06
FP_1643,5.651804372358814e-06
FP_612,5.644112889388857e-06
FP_422,5.62466841487044e-06
FP_1807,5.6227225340267664e-06
FP_1606,5.5905197787337334e-06
FP_700,5.517886732439677e-06
FP_1397,5.511702401860135e-06
FP_1509,5.500251505721656e-06
FP_1650,5.464893361772529e-06
FP_66,5.421843146254505e-06
FP_982,5.4089932666580024e-06
FP_1421,5.396848061019933e-06
FP_10,5.373901241871135e-06
FP_1880,5.367148942404737e-06
FP_995,5.2635234903182065e-06
FP_605,5.199920188586744e-06
FP_1331,5.169478658161328e-06
FP_779,5.127964005805619e-06
FP_510,5.097848869481698e-06
FP_589,4.968391616667946e-06
FP_1281,4.955248889766803e-06
FP_508,4.883268763498332e-06
FP_1674,4.7914734605848725e-06
FP_1194,4.7777850574815515e-06
FP_195,4.7740841215555e-06
FP_390,4.7591089223078345e-06
FP_1330,4.7309278678249485e-06
FP_979,4.7265072658344214e-06
FP_1103,4.7151782248340725e-06
FP_398,4.714203713117719e-06
FP_1398,4.705314063116094e-06
FP_23,4.6516795342808706e-06
FP_823,4.603624085762362e-06
FP_326,4.59873307629659e-06
FP_1475,4.55625488736156e-06
FP_1234,4.55461419622259e-06
FP_1973,4.514758713746441e-06
FP_1558,4.469639510645486e-06
FP_382,4.468576508094918e-06
FP_1636,4.4167957431354805e-06
FP_851,4.379853455695759e-06
FP_1557,4.366894832835959e-06
FP_1478,4.3653917866498575e-06
FP_1829,4.312849199492718e-06
FP_181,4.297079987824661e-06
FP_225,4.296177164826798e-06
FP_688,4.288825728834838e-06
FP_1216,4.262920794424429e-06
FP_400,4.194489204198574e-06
FP_1337,4.12409753514559e-06
FP_1190,4.122034618169713e-06
FP_336,4.091437792448019e-06
FP_1595,4.074762540953911e-06
FP_1930,4.044898532230493e-06
FP_1793,4.015572663272288e-06
FP_1021,3.9672526286505025e-06
FP_778,3.881473935777411e-06
FP_999,3.8519743354572634e-06
FP_417,3.8033359168176036e-06
FP_148,3.799648633873165e-06
FP_1003,3.758065962649326e-06
FP_415,3.7383352232335006e-06
FP_1684,3.7183545530441063e-06
FP_1010,3.7156474234838263e-06
FP_528,3.7030756773521323e-06
FP_770,3.667434739238312e-06
FP_923,3.56796585391939e-06
FP_1704,3.5602769201943476e-06
FP_669,3.52440594893698e-06
FP_1492,3.511121863365756e-06
FP_1499,3.5082400852488843e-06
FP_453,3.4919280155673114e-06
FP_1680,3.4583122745908976e-06
FP_1016,3.445139747146273e-06
FP_365,3.3765382004061403e-06
FP_1628,3.313943044365578e-06
FP_2016,3.2752604685873487e-06
FP_2015,3.2405008796428256e-06
FP_1515,3.2348433471326887e-06
FP_22,3.2103115213814195e-06
FP_1815,3.2041479806832696e-06
FP_129,3.1574862421735678e-06
FP_1074,3.125973092341439e-06
FP_2003,3.0918101745157254e-06
FP_1555,3.0564019638403775e-06
FP_1979,3.021626224196622e-06
FP_1869,2.9887944875692566e-06
FP_668,2.9799700075925673e-06
FP_236,2.947235345775987e-06
FP_1608,2.931981731477881e-06
FP_1987,2.9002594000671842e-06
FP_1069,2.8901886760828753e-06
FP_580,2.878507847768981e-06
FP_1514,2.856573936456464e-06
FP_1622,2.7964439844392488e-06
FP_1572,2.7828934802253554e-06
FP_509,2.7571836970430044e-06
FP_1833,2.725009219948025e-06
FP_1784,2.7144444524791345e-06
FP_376,2.7024736975901835e-06
FP_1528,2.702331932720207e-06
FP_939,2.6943246688831147e-06
FP_1788,2.6891816617810765e-06
FP_1450,2.663402242235103e-06
FP_1424,2.625456062799713e-06
FP_682,2.594061930878368e-06
FP_1491,2.5848446599079673e-06
FP_477,2.543604873741065e-06
FP_1411,2.542591489481458e-06
FP_483,2.5381123288729248e-06
FP_1388,2.5336301531084285e-06
FP_429,2.5074080397916175e-06
FP_1698,2.5015965020192146e-06
FP_1108,2.4047684740746185e-06
FP_1211,2.3968123717095605e-06
FP_1426,2.382536019069229e-06
FP_1877,2.3557888727402075e-06
FP_1091,2.3109472626356397e-06
FP_300,2.2866961154610363e-06
FP_1193,2.2667537704686877e-06
FP_1355,2.193976972186367e-06
FP_1944,2.1143979647542602e-06
FP_1818,2.0895439890563725e-06
FP_1435,2.0563454485996953e-06
FP_37,2.05504792747845e-06
FP_178,2.0476860341890627e-06
FP_1635,2.0228602058691343e-06
FP_465,2.001895307207299e-06
FP_1176,1.999754621824018e-06
FP_907,1.9174445087975664e-06
FP_1371,1.8588004972421357e-06
FP_1505,1.8396595631432166e-06
FP_553,1.8205675500931334e-06
FP_1533,1.8058546309865726e-06
FP_315,1.7963348655441045e-06
FP_1113,1.7759775092739869e-06
FP_1732,1.7682967467921163e-06
FP_1821,1.7600877403793129e-06
FP_1059,1.7448394163417198e-06
FP_1361,1.7394715790577975e-06
FP_1068,1.7216864483631657e-06
FP_1002,1.7145111029362773e-06
FP_795,1.6640603736582016e-06
FP_166,1.6606753540035071e-06
FP_1541,1.6330114964400193e-06
FP_871,1.6313371589123018e-06
FP_174,1.603064015174525e-06
FP_1813,1.5980893305553242e-06
FP_337,1.5905194660024796e-06
FP_581,1.5491873586387012e-06
FP_188,1.5330357351792668e-06
FP_370,1.5057398993514505e-06
FP_1186,1.4989797904642945e-06
FP_290,1.4502325586855292e-06
FP_258,1.4493778971907364e-06
FP_1830,1.3648394987963621e-06
FP_696,1.361410052741838e-06
FP_616,1.3216738509630667e-06
FP_1782,1.3136126859066744e-06
FP_55,1.1961051620406889e-06
FP_229,1.1844446529043614e-06
FP_1957,1.1765628669554545e-06
FP_1835,1.1614382029475674e-06
FP_1131,1.119874868452747e-06
FP_891,1.0821139422577677e-06
FP_47,1.0635251976817674e-06
FP_1378,1.0398435151448405e-06
FP_920,1.0326669571751854e-06
FP_1081,1.0041595101702796e-06
FP_1485,9.342791935236491e-07
FP_19,9.23929992373398e-07
FP_1408,8.849684385390963e-07
FP_1133,8.244958865465795e-07
FP_1797,8.031592965129654e-07
FP_546,7.821567435469776e-07
FP_1345,7.809405819247132e-07
FP_1616,6.958383413156604e-07
FP_1135,6.86834939578529e-07
FP_1042,6.867469483279365e-07
FP_1545,6.793465882254341e-07
FP_1659,6.141715385994753e-07
FP_1029,5.953341041380754e-07
FP_521,5.903613656937452e-07
FP_1196,5.879795710536074e-07
FP_658,5.791612403718061e-07
FP_424,5.695253167433476e-07
FP_1448,5.625541530580068e-07
FP_321,5.460997641544753e-07
FP_1372,5.42849168976329e-07
FP_709,5.378705579392753e-07
FP_2005,5.29084929944242e-07
FP_1872,4.991877770811383e-07
FP_35,4.823048385143928e-07
FP_176,4.790315085141138e-07
FP_1078,4.585962907255304e-07
FP_1702,4.415919993401138e-07
FP_647,4.35224496946727e-07
FP_86,3.4359767987327236e-07
FP_444,3.369863979879437e-07
FP_159,3.323653184468288e-07
FP_1273,2.8008141044055585e-07
FP_1976,2.592653905836133e-07
FP_1868,2.5587390993501825e-07
FP_1229,2.349877562871638e-07
FP_279,2.1684261498055333e-07
FP_1776,2.0911563213534797e-07
FP_792,1.6073019861897614e-07
FP_860,1.591944969537448e-07
FP_1358,1.3582308773904626e-07
FP_1890,1.32895288181794e-07
FP_1414,1.2900463162311256e-07
FP_284,1.1656834498627879e-07
FP_1913,8.818094803112413e-08
FP_565,7.205161271195263e-08
FP_414,6.552669585502892e-08
FP_1933,5.6011610281501785e-08
FP_1609,5.3213205828133515e-08
FP_297,4.555855687862726e-08
FP_17,4.443114791805484e-08
FP_1739,2.830482566559387e-08
FP_243,2.268521792828988e-08
FP_1052,4.943808328909543e-09
FP_1364,2.1723519870924273e-09
FP_144,4.323052221891391e-10
FP_537,0.0
FP_6,0.0
FP_1931,0.0
FP_179,0.0
FP_402,0.0
FP_0,0.0
FP_520,0.0
FP_924,0.0
FP_1084,0.0
FP_445,0.0
FP_867,0.0
FP_1874,0.0
FP_1201,0.0
FP_1072,0.0
FP_1117,0.0
FP_367,0.0
FP_1857,0.0
FP_1351,0.0
FP_324,0.0
FP_1425,0.0
FP_124,0.0
FP_1207,0.0
FP_644,0.0
FP_439,0.0
FP_1710,0.0
FP_1899,0.0
FP_651,0.0
FP_1709,0.0
FP_1223,0.0
FP_1566,0.0
FP_1789,0.0
FP_1204,0.0
FP_256,0.0
FP_1393,0.0
FP_733,0.0
FP_1974,0.0
FP_1579,0.0
FP_972,0.0
FP_578,0.0
FP_51,0.0
FP_969,0.0
